<PAMDataset>
  <PAMRasterBand band="1">
    <Description>Layer_1</Description>
    <Metadata>
      <MDI key="LAYER_TYPE">athematic</MDI>
      <MDI key="STATISTICS_MINIMUM">0.71428571428571</MDI>
      <MDI key="STATISTICS_MAXIMUM">0.85714285714286</MDI>
      <MDI key="STATISTICS_MEAN">0.83024285714284</MDI>
      <MDI key="STATISTICS_STDDEV">0.055853013336224</MDI>
      <MDI key="STATISTICS_SKIPFACTORX">1</MDI>
      <MDI key="STATISTICS_SKIPFACTORY">1</MDI>
      <MDI key="STATISTICS_EXCLUDEDVALUES"></MDI>
      <MDI key="STATISTICS_COVARIANCES">3.11955909873637E-03</MDI>
    </Metadata>
  </PAMRasterBand>
</PAMDataset>
