<?xml version="1.0" encoding="UTF-8"?>
<metadata xml:lang="en"><Esri><CreaDate>20150427</CreaDate><CreaTime>10433800</CreaTime><ArcGISFormat>1.0</ArcGISFormat><SyncOnce>TRUE</SyncOnce><DataProperties><itemProps><itemLocation><linkage Sync="TRUE">file://\\GIS-LAB-15\C$\Users\ftonini\Dropbox\GITHUB-Projects\SOD-modeling\layers\weather\2000_m48.img</linkage><protocol Sync="TRUE">Local Area Network</protocol></itemLocation></itemProps><copyHistory><copy source="P:\geospatial\Research\rkmeente\SOD\Tangible Landscape\GIS\weather\prcp\M\2000_m48.img" dest="\\GIS-LAB-15\C$\Users\ftonini\Dropbox\GITHUB-Projects\SOD-modeling\layers\weather\2000_m48.img" date="20150427" time="10433800"></copy></copyHistory></DataProperties></Esri></metadata>
