<PAMDataset>
  <PAMRasterBand band="1">
    <Description>Layer_1</Description>
    <Metadata>
      <MDI key="LAYER_TYPE">athematic</MDI>
      <MDI key="STATISTICS_MINIMUM">0.14285714285714</MDI>
      <MDI key="STATISTICS_MAXIMUM">0.28571428571429</MDI>
      <MDI key="STATISTICS_MEAN">0.28308571428569</MDI>
      <MDI key="STATISTICS_STDDEV">0.019199939585838</MDI>
      <MDI key="STATISTICS_SKIPFACTORX">1</MDI>
      <MDI key="STATISTICS_SKIPFACTORY">1</MDI>
      <MDI key="STATISTICS_EXCLUDEDVALUES"></MDI>
      <MDI key="STATISTICS_COVARIANCES">3.68637680099842E-04</MDI>
    </Metadata>
  </PAMRasterBand>
</PAMDataset>
