<PAMDataset>
  <PAMRasterBand band="1">
    <Description>Layer_1</Description>
    <Metadata>
      <MDI key="LAYER_TYPE">athematic</MDI>
      <MDI key="STATISTICS_MINIMUM">0.57142857142857</MDI>
      <MDI key="STATISTICS_MAXIMUM">0.71428571428571</MDI>
      <MDI key="STATISTICS_MEAN">0.58589999999991</MDI>
      <MDI key="STATISTICS_STDDEV">0.043105805931542</MDI>
      <MDI key="STATISTICS_SKIPFACTORX">1</MDI>
      <MDI key="STATISTICS_SKIPFACTORY">1</MDI>
      <MDI key="STATISTICS_EXCLUDEDVALUES"></MDI>
      <MDI key="STATISTICS_COVARIANCES">1.85811050500774E-03</MDI>
    </Metadata>
  </PAMRasterBand>
</PAMDataset>
