<PAMDataset>
  <PAMRasterBand band="1">
    <Description>Layer_1</Description>
    <Metadata>
      <MDI key="LAYER_TYPE">athematic</MDI>
      <MDI key="STATISTICS_MINIMUM">0</MDI>
      <MDI key="STATISTICS_MAXIMUM">0.14285714285714</MDI>
      <MDI key="STATISTICS_MEAN">0.066571428571429</MDI>
      <MDI key="STATISTICS_STDDEV">0.071266800652751</MDI>
      <MDI key="STATISTICS_SKIPFACTORX">1</MDI>
      <MDI key="STATISTICS_SKIPFACTORY">1</MDI>
      <MDI key="STATISTICS_EXCLUDEDVALUES"></MDI>
      <MDI key="STATISTICS_COVARIANCES">5.07895687527893E-03</MDI>
    </Metadata>
  </PAMRasterBand>
</PAMDataset>
