<PAMDataset>
  <PAMRasterBand band="1">
    <Description>Layer_1</Description>
    <Metadata>
      <MDI key="LAYER_TYPE">athematic</MDI>
      <MDI key="STATISTICS_MINIMUM">0.28571428571429</MDI>
      <MDI key="STATISTICS_MAXIMUM">0.57142857142857</MDI>
      <MDI key="STATISTICS_MEAN">0.43790000000003</MDI>
      <MDI key="STATISTICS_STDDEV">0.049784854430503</MDI>
      <MDI key="STATISTICS_SKIPFACTORX">1</MDI>
      <MDI key="STATISTICS_SKIPFACTORY">1</MDI>
      <MDI key="STATISTICS_EXCLUDEDVALUES"></MDI>
      <MDI key="STATISTICS_COVARIANCES">2.47853173066634E-03</MDI>
    </Metadata>
  </PAMRasterBand>
</PAMDataset>
