<PAMDataset>
  <PAMRasterBand band="1">
    <Description>Layer_1</Description>
    <Metadata>
      <MDI key="LAYER_TYPE">athematic</MDI>
      <MDI key="STATISTICS_MINIMUM">0.57142857142857</MDI>
      <MDI key="STATISTICS_MAXIMUM">0.57142857142857</MDI>
      <MDI key="STATISTICS_MEAN">0.5714285714285</MDI>
      <MDI key="STATISTICS_STDDEV">1.7816997374931e-007</MDI>
      <MDI key="STATISTICS_SKIPFACTORX">1</MDI>
      <MDI key="STATISTICS_SKIPFACTORY">1</MDI>
      <MDI key="STATISTICS_EXCLUDEDVALUES"></MDI>
      <MDI key="STATISTICS_COVARIANCES">3.17445395458298E-14</MDI>
    </Metadata>
  </PAMRasterBand>
</PAMDataset>
