<PAMDataset>
  <PAMRasterBand band="1">
    <Description>Layer_1</Description>
    <Metadata>
      <MDI key="LAYER_TYPE">athematic</MDI>
      <MDI key="STATISTICS_MINIMUM">0.85714285714286</MDI>
      <MDI key="STATISTICS_MAXIMUM">0.85714285714286</MDI>
      <MDI key="STATISTICS_MEAN">0.85714285714295</MDI>
      <MDI key="STATISTICS_STDDEV">0</MDI>
      <MDI key="STATISTICS_SKIPFACTORX">1</MDI>
      <MDI key="STATISTICS_SKIPFACTORY">1</MDI>
      <MDI key="STATISTICS_EXCLUDEDVALUES"></MDI>
      <MDI key="STATISTICS_COVARIANCES">0</MDI>
    </Metadata>
  </PAMRasterBand>
</PAMDataset>
