<PAMDataset>
  <PAMRasterBand band="1">
    <Description>Layer_1</Description>
    <Metadata>
      <MDI key="LAYER_TYPE">athematic</MDI>
      <MDI key="STATISTICS_MINIMUM">0.14285714285714</MDI>
      <MDI key="STATISTICS_MAXIMUM">0.42857142857143</MDI>
      <MDI key="STATISTICS_MEAN">0.21629999999998</MDI>
      <MDI key="STATISTICS_STDDEV">0.10637406424575</MDI>
      <MDI key="STATISTICS_SKIPFACTORX">1</MDI>
      <MDI key="STATISTICS_SKIPFACTORY">1</MDI>
      <MDI key="STATISTICS_EXCLUDEDVALUES"></MDI>
      <MDI key="STATISTICS_COVARIANCES">1.13154415441595E-02</MDI>
    </Metadata>
  </PAMRasterBand>
</PAMDataset>
