<?xml version="1.0" encoding="UTF-8"?>
<metadata xml:lang="en"><Esri><CreaDate>20150427</CreaDate><CreaTime>10440900</CreaTime><ArcGISFormat>1.0</ArcGISFormat><SyncOnce>TRUE</SyncOnce><DataProperties><itemProps><itemLocation><linkage Sync="TRUE">file://\\GIS-LAB-15\C$\Users\ftonini\Dropbox\GITHUB-Projects\SOD-modeling\layers\weather\2002_m12.img</linkage><protocol Sync="TRUE">Local Area Network</protocol></itemLocation></itemProps><copyHistory><copy source="P:\geospatial\Research\rkmeente\SOD\Tangible Landscape\GIS\weather\prcp\M\2002_m12.img" dest="\\GIS-LAB-15\C$\Users\ftonini\Dropbox\GITHUB-Projects\SOD-modeling\layers\weather\2002_m12.img" date="20150427" time="10440900"></copy></copyHistory></DataProperties></Esri></metadata>
