<PAMDataset>
  <PAMRasterBand band="1">
    <Description>Layer_1</Description>
    <Metadata>
      <MDI key="LAYER_TYPE">athematic</MDI>
      <MDI key="STATISTICS_MINIMUM">0.14285714285714</MDI>
      <MDI key="STATISTICS_MAXIMUM">0.42857142857143</MDI>
      <MDI key="STATISTICS_MEAN">0.22725714285713</MDI>
      <MDI key="STATISTICS_STDDEV">0.097917326668576</MDI>
      <MDI key="STATISTICS_SKIPFACTORX">1</MDI>
      <MDI key="STATISTICS_SKIPFACTORY">1</MDI>
      <MDI key="STATISTICS_EXCLUDEDVALUES"></MDI>
      <MDI key="STATISTICS_COVARIANCES">9.58780286192067E-03</MDI>
    </Metadata>
  </PAMRasterBand>
</PAMDataset>
