<PAMDataset>
  <PAMRasterBand band="1">
    <Description>Layer_1</Description>
    <Metadata>
      <MDI key="LAYER_TYPE">athematic</MDI>
      <MDI key="STATISTICS_MINIMUM">0.71428571428571</MDI>
      <MDI key="STATISTICS_MAXIMUM">0.85714285714286</MDI>
      <MDI key="STATISTICS_MEAN">0.79385714285715</MDI>
      <MDI key="STATISTICS_STDDEV">0.070966459103411</MDI>
      <MDI key="STATISTICS_SKIPFACTORX">1</MDI>
      <MDI key="STATISTICS_SKIPFACTORY">1</MDI>
      <MDI key="STATISTICS_EXCLUDEDVALUES"></MDI>
      <MDI key="STATISTICS_COVARIANCES">5.03623831767605E-03</MDI>
    </Metadata>
  </PAMRasterBand>
</PAMDataset>
