<PAMDataset>
  <PAMRasterBand band="1">
    <Description>Layer_1</Description>
    <Metadata>
      <MDI key="LAYER_TYPE">athematic</MDI>
      <MDI key="STATISTICS_MINIMUM">0.86701887845993</MDI>
      <MDI key="STATISTICS_MAXIMUM">0.90421104431152</MDI>
      <MDI key="STATISTICS_MEAN">0.8933866092205</MDI>
      <MDI key="STATISTICS_STDDEV">0.00931262641407</MDI>
      <MDI key="STATISTICS_SKIPFACTORX">1</MDI>
      <MDI key="STATISTICS_SKIPFACTORY">1</MDI>
      <MDI key="STATISTICS_EXCLUDEDVALUES"></MDI>
      <MDI key="STATISTICS_COVARIANCES">8.67250107280337E-05</MDI>
    </Metadata>
  </PAMRasterBand>
</PAMDataset>
