<PAMDataset>
  <PAMRasterBand band="1">
    <Description>Layer_1</Description>
    <Metadata>
      <MDI key="LAYER_TYPE">athematic</MDI>
      <MDI key="STATISTICS_MINIMUM">0.60983914136887</MDI>
      <MDI key="STATISTICS_MAXIMUM">0.65924865007401</MDI>
      <MDI key="STATISTICS_MEAN">0.64601472041011</MDI>
      <MDI key="STATISTICS_STDDEV">0.012462339667474</MDI>
      <MDI key="STATISTICS_SKIPFACTORX">1</MDI>
      <MDI key="STATISTICS_SKIPFACTORY">1</MDI>
      <MDI key="STATISTICS_EXCLUDEDVALUES"></MDI>
      <MDI key="STATISTICS_COVARIANCES">1.55309909987494E-04</MDI>
    </Metadata>
  </PAMRasterBand>
</PAMDataset>
