<PAMDataset>
  <PAMRasterBand band="1">
    <Description>Layer_1</Description>
    <Metadata>
      <MDI key="LAYER_TYPE">athematic</MDI>
      <MDI key="STATISTICS_MINIMUM">0.76280182600021</MDI>
      <MDI key="STATISTICS_MAXIMUM">0.81884580850601</MDI>
      <MDI key="STATISTICS_MEAN">0.80239115633965</MDI>
      <MDI key="STATISTICS_STDDEV">0.014100324115833</MDI>
      <MDI key="STATISTICS_SKIPFACTORX">1</MDI>
      <MDI key="STATISTICS_SKIPFACTORY">1</MDI>
      <MDI key="STATISTICS_EXCLUDEDVALUES"></MDI>
      <MDI key="STATISTICS_COVARIANCES">1.98819140171549E-04</MDI>
    </Metadata>
  </PAMRasterBand>
</PAMDataset>
