<PAMDataset>
  <PAMRasterBand band="1">
    <Description>Layer_1</Description>
    <Metadata>
      <MDI key="LAYER_TYPE">athematic</MDI>
      <MDI key="STATISTICS_MINIMUM">0.90908873081207</MDI>
      <MDI key="STATISTICS_MAXIMUM">0.92669403553009</MDI>
      <MDI key="STATISTICS_MEAN">0.92392214354277</MDI>
      <MDI key="STATISTICS_STDDEV">0.0044814637992492</MDI>
      <MDI key="STATISTICS_SKIPFACTORX">1</MDI>
      <MDI key="STATISTICS_SKIPFACTORY">1</MDI>
      <MDI key="STATISTICS_EXCLUDEDVALUES"></MDI>
      <MDI key="STATISTICS_COVARIANCES">2.00835177839808E-05</MDI>
    </Metadata>
  </PAMRasterBand>
</PAMDataset>
