<PAMDataset>
  <PAMRasterBand band="1">
    <Description>Layer_1</Description>
    <Metadata>
      <MDI key="LAYER_TYPE">athematic</MDI>
      <MDI key="STATISTICS_MINIMUM">0.90083628892899</MDI>
      <MDI key="STATISTICS_MAXIMUM">0.92328709363937</MDI>
      <MDI key="STATISTICS_MEAN">0.9189684648633</MDI>
      <MDI key="STATISTICS_STDDEV">0.0063165440361296</MDI>
      <MDI key="STATISTICS_SKIPFACTORX">1</MDI>
      <MDI key="STATISTICS_SKIPFACTORY">1</MDI>
      <MDI key="STATISTICS_EXCLUDEDVALUES"></MDI>
      <MDI key="STATISTICS_COVARIANCES">3.9898728560364E-05</MDI>
    </Metadata>
  </PAMRasterBand>
</PAMDataset>
