<PAMDataset>
  <PAMRasterBand band="1">
    <Description>Layer_1</Description>
    <Metadata>
      <MDI key="LAYER_TYPE">athematic</MDI>
      <MDI key="STATISTICS_MINIMUM">0.8285099864006</MDI>
      <MDI key="STATISTICS_MAXIMUM">0.86661642789841</MDI>
      <MDI key="STATISTICS_MEAN">0.85331824338436</MDI>
      <MDI key="STATISTICS_STDDEV">0.011359504818066</MDI>
      <MDI key="STATISTICS_SKIPFACTORX">1</MDI>
      <MDI key="STATISTICS_SKIPFACTORY">1</MDI>
      <MDI key="STATISTICS_EXCLUDEDVALUES"></MDI>
      <MDI key="STATISTICS_COVARIANCES">1.29038349711658E-04</MDI>
    </Metadata>
  </PAMRasterBand>
</PAMDataset>
