<PAMDataset>
  <PAMRasterBand band="1">
    <Description>Layer_1</Description>
    <Metadata>
      <MDI key="LAYER_TYPE">athematic</MDI>
      <MDI key="STATISTICS_MINIMUM">0.28881081938744</MDI>
      <MDI key="STATISTICS_MAXIMUM">0.33062824606895</MDI>
      <MDI key="STATISTICS_MEAN">0.31476821833253</MDI>
      <MDI key="STATISTICS_STDDEV">0.01219446696747</MDI>
      <MDI key="STATISTICS_SKIPFACTORX">1</MDI>
      <MDI key="STATISTICS_SKIPFACTORY">1</MDI>
      <MDI key="STATISTICS_EXCLUDEDVALUES"></MDI>
      <MDI key="STATISTICS_COVARIANCES">1.48705024620715E-04</MDI>
    </Metadata>
  </PAMRasterBand>
</PAMDataset>
