<PAMDataset>
  <PAMRasterBand band="1">
    <Description>Layer_1</Description>
    <Metadata>
      <MDI key="LAYER_TYPE">athematic</MDI>
      <MDI key="STATISTICS_MINIMUM">0.8566689491272</MDI>
      <MDI key="STATISTICS_MAXIMUM">0.90444076061249</MDI>
      <MDI key="STATISTICS_MEAN">0.88632111803293</MDI>
      <MDI key="STATISTICS_STDDEV">0.0087144219803534</MDI>
      <MDI key="STATISTICS_SKIPFACTORX">1</MDI>
      <MDI key="STATISTICS_SKIPFACTORY">1</MDI>
      <MDI key="STATISTICS_EXCLUDEDVALUES"></MDI>
      <MDI key="STATISTICS_COVARIANCES">7.59411504516673E-05</MDI>
    </Metadata>
  </PAMRasterBand>
</PAMDataset>
