<PAMDataset>
  <PAMRasterBand band="1">
    <Description>Layer_1</Description>
    <Metadata>
      <MDI key="LAYER_TYPE">athematic</MDI>
      <MDI key="STATISTICS_MINIMUM">0.87352234125137</MDI>
      <MDI key="STATISTICS_MAXIMUM">0.91624349355698</MDI>
      <MDI key="STATISTICS_MEAN">0.89610548175573</MDI>
      <MDI key="STATISTICS_STDDEV">0.010675263312441</MDI>
      <MDI key="STATISTICS_SKIPFACTORX">1</MDI>
      <MDI key="STATISTICS_SKIPFACTORY">1</MDI>
      <MDI key="STATISTICS_EXCLUDEDVALUES"></MDI>
      <MDI key="STATISTICS_COVARIANCES">1.13961246789946E-04</MDI>
    </Metadata>
  </PAMRasterBand>
</PAMDataset>
