<PAMDataset>
  <PAMRasterBand band="1">
    <Description>Layer_1</Description>
    <Metadata>
      <MDI key="LAYER_TYPE">athematic</MDI>
      <MDI key="STATISTICS_MINIMUM">0.73324900865555</MDI>
      <MDI key="STATISTICS_MAXIMUM">0.792555809021</MDI>
      <MDI key="STATISTICS_MEAN">0.76788905196786</MDI>
      <MDI key="STATISTICS_STDDEV">0.016552470303433</MDI>
      <MDI key="STATISTICS_SKIPFACTORX">1</MDI>
      <MDI key="STATISTICS_SKIPFACTORY">1</MDI>
      <MDI key="STATISTICS_EXCLUDEDVALUES"></MDI>
      <MDI key="STATISTICS_COVARIANCES">2.7398427314603E-04</MDI>
    </Metadata>
  </PAMRasterBand>
</PAMDataset>
