<PAMDataset>
  <PAMRasterBand band="1">
    <Description>Layer_1</Description>
    <Metadata>
      <MDI key="LAYER_TYPE">athematic</MDI>
      <MDI key="STATISTICS_MINIMUM">0.72924035787582</MDI>
      <MDI key="STATISTICS_MAXIMUM">0.8052521944046</MDI>
      <MDI key="STATISTICS_MEAN">0.77566595497727</MDI>
      <MDI key="STATISTICS_STDDEV">0.01440209632406</MDI>
      <MDI key="STATISTICS_SKIPFACTORX">1</MDI>
      <MDI key="STATISTICS_SKIPFACTORY">1</MDI>
      <MDI key="STATISTICS_EXCLUDEDVALUES"></MDI>
      <MDI key="STATISTICS_COVARIANCES">2.07420378527516E-04</MDI>
    </Metadata>
  </PAMRasterBand>
</PAMDataset>
