<PAMDataset>
  <PAMRasterBand band="1">
    <Description>Layer_1</Description>
    <Metadata>
      <MDI key="LAYER_TYPE">athematic</MDI>
      <MDI key="STATISTICS_MINIMUM">0.90052968263626</MDI>
      <MDI key="STATISTICS_MAXIMUM">0.92360711097717</MDI>
      <MDI key="STATISTICS_MEAN">0.91655945207477</MDI>
      <MDI key="STATISTICS_STDDEV">0.0057476496102565</MDI>
      <MDI key="STATISTICS_SKIPFACTORX">1</MDI>
      <MDI key="STATISTICS_SKIPFACTORY">1</MDI>
      <MDI key="STATISTICS_EXCLUDEDVALUES"></MDI>
      <MDI key="STATISTICS_COVARIANCES">3.30354760422813E-05</MDI>
    </Metadata>
  </PAMRasterBand>
</PAMDataset>
