<PAMDataset>
  <PAMRasterBand band="1">
    <Description>Layer_1</Description>
    <Metadata>
      <MDI key="LAYER_TYPE">athematic</MDI>
      <MDI key="STATISTICS_MINIMUM">0.49335479736328</MDI>
      <MDI key="STATISTICS_MAXIMUM">0.53315705060959</MDI>
      <MDI key="STATISTICS_MEAN">0.52345869384706</MDI>
      <MDI key="STATISTICS_STDDEV">0.012514480407167</MDI>
      <MDI key="STATISTICS_SKIPFACTORX">1</MDI>
      <MDI key="STATISTICS_SKIPFACTORY">1</MDI>
      <MDI key="STATISTICS_EXCLUDEDVALUES"></MDI>
      <MDI key="STATISTICS_COVARIANCES">1.56612219861362E-04</MDI>
    </Metadata>
  </PAMRasterBand>
</PAMDataset>
