<PAMDataset>
  <PAMRasterBand band="1">
    <Description>Layer_1</Description>
    <Metadata>
      <MDI key="LAYER_TYPE">athematic</MDI>
      <MDI key="STATISTICS_MINIMUM">0.29205065965652</MDI>
      <MDI key="STATISTICS_MAXIMUM">0.33828204870224</MDI>
      <MDI key="STATISTICS_MEAN">0.32603584514558</MDI>
      <MDI key="STATISTICS_STDDEV">0.012797734607414</MDI>
      <MDI key="STATISTICS_SKIPFACTORX">1</MDI>
      <MDI key="STATISTICS_SKIPFACTORY">1</MDI>
      <MDI key="STATISTICS_EXCLUDEDVALUES"></MDI>
      <MDI key="STATISTICS_COVARIANCES">1.63782011081808E-04</MDI>
    </Metadata>
  </PAMRasterBand>
</PAMDataset>
