<PAMDataset>
  <PAMRasterBand band="1">
    <Description>Layer_1</Description>
    <Metadata>
      <MDI key="LAYER_TYPE">athematic</MDI>
      <MDI key="STATISTICS_MINIMUM">0.91764026880264</MDI>
      <MDI key="STATISTICS_MAXIMUM">0.92668831348419</MDI>
      <MDI key="STATISTICS_MEAN">0.92539239856005</MDI>
      <MDI key="STATISTICS_STDDEV">0.0024501756047611</MDI>
      <MDI key="STATISTICS_SKIPFACTORX">1</MDI>
      <MDI key="STATISTICS_SKIPFACTORY">1</MDI>
      <MDI key="STATISTICS_EXCLUDEDVALUES"></MDI>
      <MDI key="STATISTICS_COVARIANCES">6.00336049416629E-06</MDI>
    </Metadata>
  </PAMRasterBand>
</PAMDataset>
