<PAMDataset>
  <PAMRasterBand band="1">
    <Description>Layer_1</Description>
    <Metadata>
      <MDI key="LAYER_TYPE">athematic</MDI>
      <MDI key="STATISTICS_MINIMUM">0.87833654880524</MDI>
      <MDI key="STATISTICS_MAXIMUM">0.91161108016968</MDI>
      <MDI key="STATISTICS_MEAN">0.89364936688542</MDI>
      <MDI key="STATISTICS_STDDEV">0.0097684073152255</MDI>
      <MDI key="STATISTICS_SKIPFACTORX">1</MDI>
      <MDI key="STATISTICS_SKIPFACTORY">1</MDI>
      <MDI key="STATISTICS_EXCLUDEDVALUES"></MDI>
      <MDI key="STATISTICS_COVARIANCES">9.54217814761501E-05</MDI>
    </Metadata>
  </PAMRasterBand>
</PAMDataset>
