<PAMDataset>
  <PAMRasterBand band="1">
    <Description>Layer_1</Description>
    <Metadata>
      <MDI key="LAYER_TYPE">athematic</MDI>
      <MDI key="STATISTICS_MINIMUM">0.85769802331924</MDI>
      <MDI key="STATISTICS_MAXIMUM">0.89581918716431</MDI>
      <MDI key="STATISTICS_MEAN">0.8794605815053</MDI>
      <MDI key="STATISTICS_STDDEV">0.0095889250068222</MDI>
      <MDI key="STATISTICS_SKIPFACTORX">1</MDI>
      <MDI key="STATISTICS_SKIPFACTORY">1</MDI>
      <MDI key="STATISTICS_EXCLUDEDVALUES"></MDI>
      <MDI key="STATISTICS_COVARIANCES">9.19474827864604E-05</MDI>
    </Metadata>
  </PAMRasterBand>
</PAMDataset>
