<PAMDataset>
  <PAMRasterBand band="1">
    <Description>Layer_1</Description>
    <Metadata>
      <MDI key="LAYER_TYPE">athematic</MDI>
      <MDI key="STATISTICS_MINIMUM">0.84252989292145</MDI>
      <MDI key="STATISTICS_MAXIMUM">0.89660090208054</MDI>
      <MDI key="STATISTICS_MEAN">0.88373786302805</MDI>
      <MDI key="STATISTICS_STDDEV">0.016275357328822</MDI>
      <MDI key="STATISTICS_SKIPFACTORX">1</MDI>
      <MDI key="STATISTICS_SKIPFACTORY">1</MDI>
      <MDI key="STATISTICS_EXCLUDEDVALUES"></MDI>
      <MDI key="STATISTICS_COVARIANCES">2.64887256180848E-04</MDI>
    </Metadata>
  </PAMRasterBand>
</PAMDataset>
