<PAMDataset>
  <PAMRasterBand band="1">
    <Description>Layer_1</Description>
    <Metadata>
      <MDI key="LAYER_TYPE">athematic</MDI>
      <MDI key="STATISTICS_MINIMUM">0.92244398593903</MDI>
      <MDI key="STATISTICS_MAXIMUM">0.92668831348419</MDI>
      <MDI key="STATISTICS_MEAN">0.92484646428823</MDI>
      <MDI key="STATISTICS_STDDEV">0.0012909168856507</MDI>
      <MDI key="STATISTICS_SKIPFACTORX">1</MDI>
      <MDI key="STATISTICS_SKIPFACTORY">1</MDI>
      <MDI key="STATISTICS_EXCLUDEDVALUES"></MDI>
      <MDI key="STATISTICS_COVARIANCES">1.66646640565799E-06</MDI>
    </Metadata>
  </PAMRasterBand>
</PAMDataset>
