<PAMDataset>
  <PAMRasterBand band="1">
    <Description>Layer_1</Description>
    <Metadata>
      <MDI key="LAYER_TYPE">athematic</MDI>
      <MDI key="STATISTICS_MINIMUM">0.87212425470352</MDI>
      <MDI key="STATISTICS_MAXIMUM">0.91753458976746</MDI>
      <MDI key="STATISTICS_MEAN">0.90551225499511</MDI>
      <MDI key="STATISTICS_STDDEV">0.012694740136389</MDI>
      <MDI key="STATISTICS_SKIPFACTORX">1</MDI>
      <MDI key="STATISTICS_SKIPFACTORY">1</MDI>
      <MDI key="STATISTICS_EXCLUDEDVALUES"></MDI>
      <MDI key="STATISTICS_COVARIANCES">1.61156427130438E-04</MDI>
    </Metadata>
  </PAMRasterBand>
</PAMDataset>
