<PAMDataset>
  <PAMRasterBand band="1">
    <Description>Layer_1</Description>
    <Metadata>
      <MDI key="LAYER_TYPE">athematic</MDI>
      <MDI key="STATISTICS_MINIMUM">0.39930847287178</MDI>
      <MDI key="STATISTICS_MAXIMUM">0.44332492351532</MDI>
      <MDI key="STATISTICS_MEAN">0.43182644888461</MDI>
      <MDI key="STATISTICS_STDDEV">0.01355859695734</MDI>
      <MDI key="STATISTICS_SKIPFACTORX">1</MDI>
      <MDI key="STATISTICS_SKIPFACTORY">1</MDI>
      <MDI key="STATISTICS_EXCLUDEDVALUES"></MDI>
      <MDI key="STATISTICS_COVARIANCES">1.83835551451595E-04</MDI>
    </Metadata>
  </PAMRasterBand>
</PAMDataset>
