<PAMDataset>
  <PAMRasterBand band="1">
    <Description>Layer_1</Description>
    <Metadata>
      <MDI key="LAYER_TYPE">athematic</MDI>
      <MDI key="STATISTICS_MINIMUM">0.91524738073349</MDI>
      <MDI key="STATISTICS_MAXIMUM">0.92644488811493</MDI>
      <MDI key="STATISTICS_MEAN">0.92298061297536</MDI>
      <MDI key="STATISTICS_STDDEV">0.0028070201692276</MDI>
      <MDI key="STATISTICS_SKIPFACTORX">1</MDI>
      <MDI key="STATISTICS_SKIPFACTORY">1</MDI>
      <MDI key="STATISTICS_EXCLUDEDVALUES"></MDI>
      <MDI key="STATISTICS_COVARIANCES">7.87936223045034E-06</MDI>
    </Metadata>
  </PAMRasterBand>
</PAMDataset>
