<PAMDataset>
  <PAMRasterBand band="1">
    <Description>Layer_1</Description>
    <Metadata>
      <MDI key="LAYER_TYPE">athematic</MDI>
      <MDI key="STATISTICS_MINIMUM">0.87932729721069</MDI>
      <MDI key="STATISTICS_MAXIMUM">0.92002975940704</MDI>
      <MDI key="STATISTICS_MEAN">0.89317302381396</MDI>
      <MDI key="STATISTICS_STDDEV">0.012181485076409</MDI>
      <MDI key="STATISTICS_SKIPFACTORX">1</MDI>
      <MDI key="STATISTICS_SKIPFACTORY">1</MDI>
      <MDI key="STATISTICS_EXCLUDEDVALUES"></MDI>
      <MDI key="STATISTICS_COVARIANCES">1.4838857866677E-04</MDI>
    </Metadata>
  </PAMRasterBand>
</PAMDataset>
