<PAMDataset>
  <PAMRasterBand band="1">
    <Description>Layer_1</Description>
    <Metadata>
      <MDI key="LAYER_TYPE">athematic</MDI>
      <MDI key="STATISTICS_MINIMUM">0.77456933259964</MDI>
      <MDI key="STATISTICS_MAXIMUM">0.85474008321762</MDI>
      <MDI key="STATISTICS_MEAN">0.80170288613439</MDI>
      <MDI key="STATISTICS_STDDEV">0.021905395036311</MDI>
      <MDI key="STATISTICS_SKIPFACTORX">1</MDI>
      <MDI key="STATISTICS_SKIPFACTORY">1</MDI>
      <MDI key="STATISTICS_EXCLUDEDVALUES"></MDI>
      <MDI key="STATISTICS_COVARIANCES">4.79846331696831E-04</MDI>
    </Metadata>
  </PAMRasterBand>
</PAMDataset>
