<PAMDataset>
  <PAMRasterBand band="1">
    <Description>Layer_1</Description>
    <Metadata>
      <MDI key="LAYER_TYPE">athematic</MDI>
      <MDI key="STATISTICS_MINIMUM">0.34123355150223</MDI>
      <MDI key="STATISTICS_MAXIMUM">0.37591749429703</MDI>
      <MDI key="STATISTICS_MEAN">0.36558916722536</MDI>
      <MDI key="STATISTICS_STDDEV">0.01331638834168</MDI>
      <MDI key="STATISTICS_SKIPFACTORX">1</MDI>
      <MDI key="STATISTICS_SKIPFACTORY">1</MDI>
      <MDI key="STATISTICS_EXCLUDEDVALUES"></MDI>
      <MDI key="STATISTICS_COVARIANCES">1.77326198466437E-04</MDI>
    </Metadata>
  </PAMRasterBand>
</PAMDataset>
