<PAMDataset>
  <PAMRasterBand band="1">
    <Description>Layer_1</Description>
    <Metadata>
      <MDI key="LAYER_TYPE">athematic</MDI>
      <MDI key="STATISTICS_MINIMUM">0.75008022785187</MDI>
      <MDI key="STATISTICS_MAXIMUM">0.80816185474396</MDI>
      <MDI key="STATISTICS_MEAN">0.78600893263817</MDI>
      <MDI key="STATISTICS_STDDEV">0.014413021306458</MDI>
      <MDI key="STATISTICS_SKIPFACTORX">1</MDI>
      <MDI key="STATISTICS_SKIPFACTORY">1</MDI>
      <MDI key="STATISTICS_EXCLUDEDVALUES"></MDI>
      <MDI key="STATISTICS_COVARIANCES">2.07735183180412E-04</MDI>
    </Metadata>
  </PAMRasterBand>
</PAMDataset>
