<PAMDataset>
  <PAMRasterBand band="1">
    <Description>Layer_1</Description>
    <Metadata>
      <MDI key="LAYER_TYPE">athematic</MDI>
      <MDI key="STATISTICS_MINIMUM">0.92073839902878</MDI>
      <MDI key="STATISTICS_MAXIMUM">0.92658460140228</MDI>
      <MDI key="STATISTICS_MEAN">0.92409047288895</MDI>
      <MDI key="STATISTICS_STDDEV">0.0015868640865312</MDI>
      <MDI key="STATISTICS_SKIPFACTORX">1</MDI>
      <MDI key="STATISTICS_SKIPFACTORY">1</MDI>
      <MDI key="STATISTICS_EXCLUDEDVALUES"></MDI>
      <MDI key="STATISTICS_COVARIANCES">2.51813762912239E-06</MDI>
    </Metadata>
  </PAMRasterBand>
</PAMDataset>
