<PAMDataset>
  <PAMRasterBand band="1">
    <Description>Layer_1</Description>
    <Metadata>
      <MDI key="LAYER_TYPE">athematic</MDI>
      <MDI key="STATISTICS_MINIMUM">0.40846291184425</MDI>
      <MDI key="STATISTICS_MAXIMUM">0.45157822966576</MDI>
      <MDI key="STATISTICS_MEAN">0.42766633473933</MDI>
      <MDI key="STATISTICS_STDDEV">0.017854605394402</MDI>
      <MDI key="STATISTICS_SKIPFACTORX">1</MDI>
      <MDI key="STATISTICS_SKIPFACTORY">1</MDI>
      <MDI key="STATISTICS_EXCLUDEDVALUES"></MDI>
      <MDI key="STATISTICS_COVARIANCES">3.18786933789805E-04</MDI>
    </Metadata>
  </PAMRasterBand>
</PAMDataset>
