<PAMDataset>
  <PAMRasterBand band="1">
    <Description>Layer_1</Description>
    <Metadata>
      <MDI key="LAYER_TYPE">athematic</MDI>
      <MDI key="STATISTICS_MINIMUM">0.25577044487</MDI>
      <MDI key="STATISTICS_MAXIMUM">0.29615688323975</MDI>
      <MDI key="STATISTICS_MEAN">0.27113782259822</MDI>
      <MDI key="STATISTICS_STDDEV">0.015371769449825</MDI>
      <MDI key="STATISTICS_SKIPFACTORX">1</MDI>
      <MDI key="STATISTICS_SKIPFACTORY">1</MDI>
      <MDI key="STATISTICS_EXCLUDEDVALUES"></MDI>
      <MDI key="STATISTICS_COVARIANCES">2.36291296018579E-04</MDI>
    </Metadata>
  </PAMRasterBand>
</PAMDataset>
