<PAMDataset>
  <PAMRasterBand band="1">
    <Description>Layer_1</Description>
    <Metadata>
      <MDI key="LAYER_TYPE">athematic</MDI>
      <MDI key="STATISTICS_MINIMUM">0.17281132936478</MDI>
      <MDI key="STATISTICS_MAXIMUM">0.20311264693737</MDI>
      <MDI key="STATISTICS_MEAN">0.18607132732123</MDI>
      <MDI key="STATISTICS_STDDEV">0.011818596697896</MDI>
      <MDI key="STATISTICS_SKIPFACTORX">1</MDI>
      <MDI key="STATISTICS_SKIPFACTORY">1</MDI>
      <MDI key="STATISTICS_EXCLUDEDVALUES"></MDI>
      <MDI key="STATISTICS_COVARIANCES">1.39679227907521E-04</MDI>
    </Metadata>
  </PAMRasterBand>
</PAMDataset>
