<PAMDataset>
  <PAMRasterBand band="1">
    <Description>Layer_1</Description>
    <Metadata>
      <MDI key="LAYER_TYPE">athematic</MDI>
      <MDI key="STATISTICS_MINIMUM">0.66245687007904</MDI>
      <MDI key="STATISTICS_MAXIMUM">0.70984494686127</MDI>
      <MDI key="STATISTICS_MEAN">0.6936181594491</MDI>
      <MDI key="STATISTICS_STDDEV">0.011353364278566</MDI>
      <MDI key="STATISTICS_SKIPFACTORX">1</MDI>
      <MDI key="STATISTICS_SKIPFACTORY">1</MDI>
      <MDI key="STATISTICS_EXCLUDEDVALUES"></MDI>
      <MDI key="STATISTICS_COVARIANCES">1.28898880441816E-04</MDI>
    </Metadata>
  </PAMRasterBand>
</PAMDataset>
