<PAMDataset>
  <PAMRasterBand band="1">
    <Description>Layer_1</Description>
    <Metadata>
      <MDI key="LAYER_TYPE">athematic</MDI>
      <MDI key="STATISTICS_MINIMUM">0.89950823783875</MDI>
      <MDI key="STATISTICS_MAXIMUM">0.91938126087189</MDI>
      <MDI key="STATISTICS_MEAN">0.91230490537286</MDI>
      <MDI key="STATISTICS_STDDEV">0.0046677207253897</MDI>
      <MDI key="STATISTICS_SKIPFACTORX">1</MDI>
      <MDI key="STATISTICS_SKIPFACTORY">1</MDI>
      <MDI key="STATISTICS_EXCLUDEDVALUES"></MDI>
      <MDI key="STATISTICS_COVARIANCES">2.17876167702325E-05</MDI>
    </Metadata>
  </PAMRasterBand>
</PAMDataset>
