<PAMDataset>
  <PAMRasterBand band="1">
    <Description>Layer_1</Description>
    <Metadata>
      <MDI key="LAYER_TYPE">athematic</MDI>
      <MDI key="STATISTICS_MINIMUM">0.38942012190819</MDI>
      <MDI key="STATISTICS_MAXIMUM">0.43370944261551</MDI>
      <MDI key="STATISTICS_MEAN">0.41180244659781</MDI>
      <MDI key="STATISTICS_STDDEV">0.017020940457715</MDI>
      <MDI key="STATISTICS_SKIPFACTORX">1</MDI>
      <MDI key="STATISTICS_SKIPFACTORY">1</MDI>
      <MDI key="STATISTICS_EXCLUDEDVALUES"></MDI>
      <MDI key="STATISTICS_COVARIANCES">2.89712414065068E-04</MDI>
    </Metadata>
  </PAMRasterBand>
</PAMDataset>
