<PAMDataset>
  <PAMRasterBand band="1">
    <Description>Layer_1</Description>
    <Metadata>
      <MDI key="LAYER_TYPE">athematic</MDI>
      <MDI key="STATISTICS_MINIMUM">0.59071683883667</MDI>
      <MDI key="STATISTICS_MAXIMUM">0.65545761585236</MDI>
      <MDI key="STATISTICS_MEAN">0.62803711533546</MDI>
      <MDI key="STATISTICS_STDDEV">0.017338970779324</MDI>
      <MDI key="STATISTICS_SKIPFACTORX">1</MDI>
      <MDI key="STATISTICS_SKIPFACTORY">1</MDI>
      <MDI key="STATISTICS_EXCLUDEDVALUES"></MDI>
      <MDI key="STATISTICS_COVARIANCES">3.00639907686243E-04</MDI>
    </Metadata>
  </PAMRasterBand>
</PAMDataset>
