<PAMDataset>
  <PAMRasterBand band="1">
    <Description>Layer_1</Description>
    <Metadata>
      <MDI key="LAYER_TYPE">athematic</MDI>
      <MDI key="STATISTICS_MINIMUM">0.88990330696106</MDI>
      <MDI key="STATISTICS_MAXIMUM">0.91940128803253</MDI>
      <MDI key="STATISTICS_MEAN">0.91297628372312</MDI>
      <MDI key="STATISTICS_STDDEV">0.0077344503334512</MDI>
      <MDI key="STATISTICS_SKIPFACTORX">1</MDI>
      <MDI key="STATISTICS_SKIPFACTORY">1</MDI>
      <MDI key="STATISTICS_EXCLUDEDVALUES"></MDI>
      <MDI key="STATISTICS_COVARIANCES">5.9821721960624E-05</MDI>
    </Metadata>
  </PAMRasterBand>
</PAMDataset>
