<PAMDataset>
  <PAMRasterBand band="1">
    <Description>Layer_1</Description>
    <Metadata>
      <MDI key="LAYER_TYPE">athematic</MDI>
      <MDI key="STATISTICS_MINIMUM">0.78629422187805</MDI>
      <MDI key="STATISTICS_MAXIMUM">0.83881783485413</MDI>
      <MDI key="STATISTICS_MEAN">0.82027439569235</MDI>
      <MDI key="STATISTICS_STDDEV">0.013262382322933</MDI>
      <MDI key="STATISTICS_SKIPFACTORX">1</MDI>
      <MDI key="STATISTICS_SKIPFACTORY">1</MDI>
      <MDI key="STATISTICS_EXCLUDEDVALUES"></MDI>
      <MDI key="STATISTICS_COVARIANCES">1.75890784879647E-04</MDI>
    </Metadata>
  </PAMRasterBand>
</PAMDataset>
