<PAMDataset>
  <PAMRasterBand band="1">
    <Description>Layer_1</Description>
    <Metadata>
      <MDI key="LAYER_TYPE">athematic</MDI>
      <MDI key="STATISTICS_MINIMUM">0.8490070104599</MDI>
      <MDI key="STATISTICS_MAXIMUM">0.89332848787308</MDI>
      <MDI key="STATISTICS_MEAN">0.87715587150455</MDI>
      <MDI key="STATISTICS_STDDEV">0.0099942832784578</MDI>
      <MDI key="STATISTICS_SKIPFACTORX">1</MDI>
      <MDI key="STATISTICS_SKIPFACTORY">1</MDI>
      <MDI key="STATISTICS_EXCLUDEDVALUES"></MDI>
      <MDI key="STATISTICS_COVARIANCES">9.98856982500615E-05</MDI>
    </Metadata>
  </PAMRasterBand>
</PAMDataset>
