<?xml version="1.0" encoding="UTF-8"?>
<metadata xml:lang="en"><Esri><CreaDate>20150316</CreaDate><CreaTime>10285300</CreaTime><ArcGISFormat>1.0</ArcGISFormat><SyncOnce>TRUE</SyncOnce><DataProperties><itemProps><itemLocation><linkage Sync="TRUE">file://\\GIS-LAB-15\C$\Users\ftonini\Dropbox\GITHUB-Projects\SOD-modeling\layers\weather\2004_c16.img</linkage><protocol Sync="TRUE">Local Area Network</protocol></itemLocation></itemProps><copyHistory><copy source="D:\TangibleLandscape\SOD-modeling-preproc\layers\tmean\C\2004_c16.img" dest="\\GIS-LAB-15\C$\Users\ftonini\Dropbox\GITHUB-Projects\SOD-modeling\layers\weather\2004_c16.img" date="20150316" time="10285300"></copy></copyHistory></DataProperties></Esri></metadata>
