<PAMDataset>
  <PAMRasterBand band="1">
    <Description>Layer_1</Description>
    <Metadata>
      <MDI key="LAYER_TYPE">athematic</MDI>
      <MDI key="STATISTICS_MINIMUM">0.88858771324158</MDI>
      <MDI key="STATISTICS_MAXIMUM">0.91785514354706</MDI>
      <MDI key="STATISTICS_MEAN">0.90221542243958</MDI>
      <MDI key="STATISTICS_STDDEV">0.0077702682260063</MDI>
      <MDI key="STATISTICS_SKIPFACTORX">1</MDI>
      <MDI key="STATISTICS_SKIPFACTORY">1</MDI>
      <MDI key="STATISTICS_EXCLUDEDVALUES"></MDI>
      <MDI key="STATISTICS_COVARIANCES">6.03770683040831E-05</MDI>
    </Metadata>
  </PAMRasterBand>
</PAMDataset>
